ID,URLS,VIEWS
af902h,https://imgflip.com/i/af902h,652
9ge2va,https://imgflip.com/i/9ge2va,40
aetgcb,https://imgflip.com/i/aetgcb,1758
aemi7v,https://imgflip.com/i/aemi7v,516
adcl6c,https://imgflip.com/i/adcl6c,64
ae3urt,https://imgflip.com/i/ae3urt,69
adyr7c,https://imgflip.com/i/adyr7c,1794
adyqtv,https://imgflip.com/i/adyqtv,1457
adcmf1,https://imgflip.com/i/adcmf1,285
adclow,https://imgflip.com/i/adclow,156
adclcd,https://imgflip.com/i/adclcd,1557
a7rov8,https://imgflip.com/i/a7rov8,108
9ge4vw,https://imgflip.com/i/9ge4vw,79
9ge5fh,https://imgflip.com/i/9ge5fh,204
9jbxqw,https://imgflip.com/i/9jbxqw,92
ac7pth,https://imgflip.com/i/ac7pth,104
a7rq8c,https://imgflip.com/i/a7rq8c,111
ac7pyo,https://imgflip.com/i/ac7pyo,179
ac7pk3,https://imgflip.com/i/ac7pk3,123
ac7os6,https://imgflip.com/i/ac7os6,303
a7rpgb,https://imgflip.com/i/a7rpgb,113
a7rohb,https://imgflip.com/i/a7rohb,105
abytcx,https://imgflip.com/i/abytcx,222
abyswl,https://imgflip.com/i/abyswl,3334
aaezfk,https://imgflip.com/i/aaezfk,104
a9plr4,https://imgflip.com/i/a9plr4,122
a8ih0y,https://imgflip.com/i/a8ih0y,150
99dooj,https://imgflip.com/i/99dooj,214
a84ewl,https://imgflip.com/i/a84ewl,162
99dmq7,https://imgflip.com/i/99dmq7,135
a0r7rh,https://imgflip.com/i/a0r7rh,94
a02fh2,https://imgflip.com/i/a02fh2,119
a4nam2,https://imgflip.com/i/a4nam2,130
a02ff7,https://imgflip.com/i/a02ff7,195
a02flm,https://imgflip.com/i/a02flm,135
a02fj5,https://imgflip.com/i/a02fj5,142
9zhhnj,https://imgflip.com/i/9zhhnj,2136
9zhhku,https://imgflip.com/i/9zhhku,127
9z1guj,https://imgflip.com/i/9z1guj,202
9yx0kt,https://imgflip.com/i/9yx0kt,340
9ycxc9,https://imgflip.com/i/9ycxc9,127
9ycmsp,https://imgflip.com/i/9ycmsp,859
9y5eso,https://imgflip.com/i/9y5eso,156
9y31hf,https://imgflip.com/i/9y31hf,216
9xck5f,https://imgflip.com/i/9xck5f,234
9waxxf,https://imgflip.com/i/9waxxf,946
9waxhp,https://imgflip.com/i/9waxhp,1906
9w5u4z,https://imgflip.com/i/9w5u4z,84
9w5qyz,https://imgflip.com/i/9w5qyz,227
9dxkom,https://imgflip.com/i/9dxkom,794
9v1xj2,https://imgflip.com/i/9v1xj2,881
9o9481,https://imgflip.com/i/9o9481,118
9omxvj,https://imgflip.com/i/9omxvj,3021
9o94n7,https://imgflip.com/i/9o94n7,5695
9o93fq,https://imgflip.com/i/9o93fq,165
9mfk1c,https://imgflip.com/i/9mfk1c,316
9m1hzv,https://imgflip.com/i/9m1hzv,2206
9dzrqn,https://imgflip.com/i/9dzrqn,512
9dzrpl,https://imgflip.com/i/9dzrpl,267
9e4xi2,https://imgflip.com/i/9e4xi2,277
9dzsps,https://imgflip.com/i/9dzsps,430
9kbvld,https://imgflip.com/i/9kbvld,467
9e4x7g,https://imgflip.com/i/9e4x7g,210
9ge3hz,https://imgflip.com/i/9ge3hz,577
9kbm7u,https://imgflip.com/i/9kbm7u,759
9i4xfm,https://imgflip.com/i/9i4xfm,4991
9i51ng,https://imgflip.com/i/9i51ng,1822
9jbyom,https://imgflip.com/i/9jbyom,753
9ib9ei,https://imgflip.com/i/9ib9ei,907
9i50nj,https://imgflip.com/i/9i50nj,152
9ge4pi,https://imgflip.com/i/9ge4pi,302
9ge41o,https://imgflip.com/i/9ge41o,224
9dzrx6,https://imgflip.com/i/9dzrx6,496
9dzsg7,https://imgflip.com/i/9dzsg7,534
9e4wtg,https://imgflip.com/i/9e4wtg,335
9e4x2u,https://imgflip.com/i/9e4x2u,305
9e4w77,https://imgflip.com/i/9e4w77,344
9e4vh7,https://imgflip.com/i/9e4vh7,228
9ge4i5,https://imgflip.com/i/9ge4i5,379
9h1tt2,https://imgflip.com/i/9h1tt2,242
9815s6,https://imgflip.com/i/9815s6,210
9guog0,https://imgflip.com/i/9guog0,322
9abpvf,https://imgflip.com/i/9abpvf,225
9ge1o0,https://imgflip.com/i/9ge1o0,162
9ge3po,https://imgflip.com/i/9ge3po,424
9ge2d6,https://imgflip.com/i/9ge2d6,394
9ge31l,https://imgflip.com/i/9ge31l,565
9dzstv,https://imgflip.com/i/9dzstv,813
9e03t8,https://imgflip.com/i/9e03t8,1455
9dxw4w,https://imgflip.com/i/9dxw4w,698
9dxbp9,https://imgflip.com/i/9dxbp9,309
9e4xpy,https://imgflip.com/i/9e4xpy,302
9dzsbr,https://imgflip.com/i/9dzsbr,1738
9dzps3,https://imgflip.com/i/9dzps3,1746
9dzpci,https://imgflip.com/i/9dzpci,197
9dzr2i,https://imgflip.com/i/9dzr2i,948
9dwsw6,https://imgflip.com/i/9dwsw6,1753
9dzqw0,https://imgflip.com/i/9dzqw0,2711
9eehlx,https://imgflip.com/i/9eehlx,1879
9dzrah,https://imgflip.com/i/9dzrah,545
9e059d,https://imgflip.com/i/9e059d,195
7s6bh2,https://imgflip.com/i/7s6bh2,481
7smtq0,https://imgflip.com/i/7smtq0,198
9c1hjb,https://imgflip.com/i/9c1hjb,254
99ezrc,https://imgflip.com/i/99ezrc,179
9c1imu,https://imgflip.com/i/9c1imu,142
91mni3,https://imgflip.com/i/91mni3,4940
90u744,https://imgflip.com/i/90u744,1233
9ablc0,https://imgflip.com/i/9ablc0,182
99hy9o,https://imgflip.com/i/99hy9o,532
9abomd,https://imgflip.com/i/9abomd,223
9abrfi,https://imgflip.com/i/9abrfi,407
9abmf8,https://imgflip.com/i/9abmf8,192
9abl5v,https://imgflip.com/i/9abl5v,157
9abp5c,https://imgflip.com/i/9abp5c,337
9aboeo,https://imgflip.com/i/9aboeo,894
9abqe2,https://imgflip.com/i/9abqe2,266
9abncr,https://imgflip.com/i/9abncr,264
9abo8e,https://imgflip.com/i/9abo8e,2023
9abqrv,https://imgflip.com/i/9abqrv,682
9absa4,https://imgflip.com/i/9absa4,1557
9abq42,https://imgflip.com/i/9abq42,6724
9abloe,https://imgflip.com/i/9abloe,447
9abkvs,https://imgflip.com/i/9abkvs,266
99f0bz,https://imgflip.com/i/99f0bz,1139
99dnl8,https://imgflip.com/i/99dnl8,777
9814pz,https://imgflip.com/i/9814pz,180
97rl57,https://imgflip.com/i/97rl57,250
95p49a,https://imgflip.com/i/95p49a,8015
95p3y7,https://imgflip.com/i/95p3y7,2643
91ny76,https://imgflip.com/i/91ny76,1524
91nxqr,https://imgflip.com/i/91nxqr,1370
93j8vg,https://imgflip.com/i/93j8vg,121
91m8h5,https://imgflip.com/i/91m8h5,1997
91mmgu,https://imgflip.com/i/91mmgu,369
91mmxh,https://imgflip.com/i/91mmxh,389
91ntni,https://imgflip.com/i/91ntni,225
91nxx7,https://imgflip.com/i/91nxx7,137
91nsxc,https://imgflip.com/i/91nsxc,179
91mm47,https://imgflip.com/i/91mm47,209
91nyf6,https://imgflip.com/i/91nyf6,437
91o5f7,https://imgflip.com/i/91o5f7,319
91rz5f,https://imgflip.com/i/91rz5f,201
91s0fq,https://imgflip.com/i/91s0fq,104
91m7yt,https://imgflip.com/i/91m7yt,988
91s2n7,https://imgflip.com/i/91s2n7,436
91nzt3,https://imgflip.com/i/91nzt3,2308
91nv1n,https://imgflip.com/i/91nv1n,1234
91m54q,https://imgflip.com/i/91m54q,165
91m7ch,https://imgflip.com/i/91m7ch,150
91m5s6,https://imgflip.com/i/91m5s6,428
91elny,https://imgflip.com/i/91elny,375
91abhn,https://imgflip.com/i/91abhn,570
8zxaen,https://imgflip.com/i/8zxaen,258
85y430,https://imgflip.com/i/85y430,2022
90u6d8,https://imgflip.com/i/90u6d8,7393
90u6la,https://imgflip.com/i/90u6la,5249
90u7gl,https://imgflip.com/i/90u7gl,141
90u6q6,https://imgflip.com/i/90u6q6,107
8z4spz,https://imgflip.com/i/8z4spz,1192
909h8r,https://imgflip.com/i/909h8r,85
90slwc,https://imgflip.com/i/90slwc,3775
908qat,https://imgflip.com/i/908qat,125
8zup61,https://imgflip.com/i/8zup61,554
8z4pjc,https://imgflip.com/i/8z4pjc,344
8zxa8m,https://imgflip.com/i/8zxa8m,446
8zx9nw,https://imgflip.com/i/8zx9nw,290
8zx850,https://imgflip.com/i/8zx850,2044
8z4qdc,https://imgflip.com/i/8z4qdc,1716
8z4scs,https://imgflip.com/i/8z4scs,637
8z4ptw,https://imgflip.com/i/8z4ptw,210
8z4u4p,https://imgflip.com/i/8z4u4p,131
8z4rqi,https://imgflip.com/i/8z4rqi,194
8z4qlh,https://imgflip.com/i/8z4qlh,163
8z4qvo,https://imgflip.com/i/8z4qvo,775
8z4p8v,https://imgflip.com/i/8z4p8v,399
8z4oxl,https://imgflip.com/i/8z4oxl,181
8z4tdz,https://imgflip.com/i/8z4tdz,865
8z4ocj,https://imgflip.com/i/8z4ocj,1075
8y2ncm,https://imgflip.com/i/8y2ncm,105
8we3iw,https://imgflip.com/i/8we3iw,521
8we3s9,https://imgflip.com/i/8we3s9,439
8we5uh,https://imgflip.com/i/8we5uh,400
8we8uk,https://imgflip.com/i/8we8uk,1311
8weapo,https://imgflip.com/i/8weapo,173
8we2zd,https://imgflip.com/i/8we2zd,197
8we2pe,https://imgflip.com/i/8we2pe,426
83c5d7,https://imgflip.com/i/83c5d7,1488
7rntfc,https://imgflip.com/i/7rntfc,7397
7r9z32,https://imgflip.com/i/7r9z32,1374
7r9evi,https://imgflip.com/i/7r9evi,2472
7qxs3l,https://imgflip.com/i/7qxs3l,6225
7p1f28,https://imgflip.com/i/7p1f28,4664
7oqxat,https://imgflip.com/i/7oqxat,5891
7omi8u,https://imgflip.com/i/7omi8u,1094
7omapp,https://imgflip.com/i/7omapp,27722
7jepus,https://imgflip.com/i/7jepus,6988
7jep56,https://imgflip.com/i/7jep56,7108
7jepaj,https://imgflip.com/i/7jepaj,5211
7jej6f,https://imgflip.com/i/7jej6f,3807
7jeizv,https://imgflip.com/i/7jeizv,1976
7cvu88,https://imgflip.com/i/7cvu88,1524
70kciy,https://imgflip.com/i/70kciy,1573
7af5e7,https://imgflip.com/i/7af5e7,727
7aeze5,https://imgflip.com/i/7aeze5,4857
78xu1h,https://imgflip.com/i/78xu1h,3133
6w9kte,https://imgflip.com/i/6w9kte,22901
6w9kxj,https://imgflip.com/i/6w9kxj,2154
76ya4p,https://imgflip.com/i/76ya4p,604
76y30r,https://imgflip.com/i/76y30r,785
6w9mki,https://imgflip.com/i/6w9mki,2535
6w9mxt,https://imgflip.com/i/6w9mxt,43424
76fftg,https://imgflip.com/i/76fftg,3858
76f2yj,https://imgflip.com/i/76f2yj,32211
6waz4n,https://imgflip.com/i/6waz4n,1608
75oxu3,https://imgflip.com/i/75oxu3,1172
6wawqg,https://imgflip.com/i/6wawqg,443
6wau3m,https://imgflip.com/i/6wau3m,15446
75ow6b,https://imgflip.com/i/75ow6b,857
6way9v,https://imgflip.com/i/6way9v,1473
75owwo,https://imgflip.com/i/75owwo,399
75oyzq,https://imgflip.com/i/75oyzq,523
75oyex,https://imgflip.com/i/75oyex,6702
75a3jh,https://imgflip.com/i/75a3jh,2999
75p2gv,https://imgflip.com/i/75p2gv,2314
75p5ma,https://imgflip.com/i/75p5ma,4182
75a02p,https://imgflip.com/i/75a02p,1226
75a09i,https://imgflip.com/i/75a09i,1080
6waz8y,https://imgflip.com/i/6waz8y,865
6wayf2,https://imgflip.com/i/6wayf2,1591
6wazcg,https://imgflip.com/i/6wazcg,1665
6waz1b,https://imgflip.com/i/6waz1b,483
6wazhk,https://imgflip.com/i/6wazhk,785
6w9fww,https://imgflip.com/i/6w9fww,16222
6wl81x,https://imgflip.com/i/6wl81x,2667
6w9g0l,https://imgflip.com/i/6w9g0l,4808
6wmujy,https://imgflip.com/i/6wmujy,15890
6wmqfe,https://imgflip.com/i/6wmqfe,2123
6wquob,https://imgflip.com/i/6wquob,1182
6wqub2,https://imgflip.com/i/6wqub2,1544
6wrdf2,https://imgflip.com/i/6wrdf2,2257
6xhkg9,https://imgflip.com/i/6xhkg9,686
6wukwj,https://imgflip.com/i/6wukwj,1735
6z6ndm,https://imgflip.com/i/6z6ndm,3209
6yyq88,https://imgflip.com/i/6yyq88,314
6zor0k,https://imgflip.com/i/6zor0k,2107
6zoqwp,https://imgflip.com/i/6zoqwp,2362
6z832g,https://imgflip.com/i/6z832g,920
6zgkfw,https://imgflip.com/i/6zgkfw,1792
6zopm4,https://imgflip.com/i/6zopm4,2311
6zpkgj,https://imgflip.com/i/6zpkgj,8473
709lsn,https://imgflip.com/i/709lsn,63077
6zsk1r,https://imgflip.com/i/6zsk1r,1584
70hpw0,https://imgflip.com/i/70hpw0,1221
70hvxr,https://imgflip.com/i/70hvxr,537
70hwl4,https://imgflip.com/i/70hwl4,849
70hwch,https://imgflip.com/i/70hwch,3203
70hyn6,https://imgflip.com/i/70hyn6,1384
70hxly,https://imgflip.com/i/70hxly,1263
70kb0f,https://imgflip.com/i/70kb0f,1438
70i0fv,https://imgflip.com/i/70i0fv,685
70hyy5,https://imgflip.com/i/70hyy5,8438
71l51t,https://imgflip.com/i/71l51t,11298
70kb6y,https://imgflip.com/i/70kb6y,624
71dhj8,https://imgflip.com/i/71dhj8,4410
70kcc0,https://imgflip.com/i/70kcc0,600
71dsi8,https://imgflip.com/i/71dsi8,6593
70hx9b,https://imgflip.com/i/70hx9b,866
71h1cd,https://imgflip.com/i/71h1cd,914
71h0z8,https://imgflip.com/i/71h0z8,1504
71dfia,https://imgflip.com/i/71dfia,9569
71dhaq,https://imgflip.com/i/71dhaq,5519
70kep9,https://imgflip.com/i/70kep9,3719
70k7to,https://imgflip.com/i/70k7to,2220
70xlfv,https://imgflip.com/i/70xlfv,663
6w9fsn,https://imgflip.com/i/6w9fsn,3418
70lm5t,https://imgflip.com/i/70lm5t,611
6wpfod,https://imgflip.com/i/6wpfod,857
70hrnc,https://imgflip.com/i/70hrnc,5710
70hr1t,https://imgflip.com/i/70hr1t,2882
6yyqe6,https://imgflip.com/i/6yyqe6,1689
6yypfq,https://imgflip.com/i/6yypfq,547
6yxosp,https://imgflip.com/i/6yxosp,1074
6zx991,https://imgflip.com/i/6zx991,3384
6wra6w,https://imgflip.com/i/6wra6w,1754
6zosmv,https://imgflip.com/i/6zosmv,4978
6wl8bf,https://imgflip.com/i/6wl8bf,2342
6xksti,https://imgflip.com/i/6xksti,643
6w9kol,https://imgflip.com/i/6w9kol,5755
6w9gb3,https://imgflip.com/i/6w9gb3,3448
6z7tjt,https://imgflip.com/i/6z7tjt,4443
6z7rfz,https://imgflip.com/i/6z7rfz,3211
6z6u54,https://imgflip.com/i/6z6u54,1515
6z24pr,https://imgflip.com/i/6z24pr,840
6ybn9h,https://imgflip.com/i/6ybn9h,5613
6x44oa,https://imgflip.com/i/6x44oa,10016
6y72ga,https://imgflip.com/i/6y72ga,1297
6wute8,https://imgflip.com/i/6wute8,1141
6yxez6,https://imgflip.com/i/6yxez6,8036
6writq,https://imgflip.com/i/6writq,7808
6waw8p,https://imgflip.com/i/6waw8p,1898
6ymk1q,https://imgflip.com/i/6ymk1q,2189
6yhmhn,https://imgflip.com/i/6yhmhn,751
6waxs7,https://imgflip.com/i/6waxs7,34233
6xupnx,https://imgflip.com/i/6xupnx,1172
6wawea,https://imgflip.com/i/6wawea,1989
6wri77,https://imgflip.com/i/6wri77,1563
6x7m7n,https://imgflip.com/i/6x7m7n,1915
6wvzhh,https://imgflip.com/i/6wvzhh,1752
6w9mh8,https://imgflip.com/i/6w9mh8,34805
6wl7ti,https://imgflip.com/i/6wl7ti,551
6wayw6,https://imgflip.com/i/6wayw6,933
6wpwdn,https://imgflip.com/i/6wpwdn,2511
6wl73c,https://imgflip.com/i/6wl73c,2252
6wax1c,https://imgflip.com/i/6wax1c,1803
6wpk5x,https://imgflip.com/i/6wpk5x,59357
