"{""id"":"""	af902h	""",""page_url"":"""	https://imgflip.com/i/af902h	",""views"":"	0	]},
"{""id"":"""	9ge2va	""",""page_url"":"""	https://imgflip.com/i/9ge2va	",""views"":"	0	]},
"{""id"":"""	aetgcb	""",""page_url"":"""	https://imgflip.com/i/aetgcb	",""views"":"	0	]},
"{""id"":"""	aemi7v	""",""page_url"":"""	https://imgflip.com/i/aemi7v	",""views"":"	0	]},
"{""id"":"""	adcl6c	""",""page_url"":"""	https://imgflip.com/i/adcl6c	",""views"":"	0	]},
"{""id"":"""	ae3urt	""",""page_url"":"""	https://imgflip.com/i/ae3urt	",""views"":"	0	]},
"{""id"":"""	adyr7c	""",""page_url"":"""	https://imgflip.com/i/adyr7c	",""views"":"	0	]},
"{""id"":"""	adyqtv	""",""page_url"":"""	https://imgflip.com/i/adyqtv	",""views"":"	0	]},
"{""id"":"""	adcmf1	""",""page_url"":"""	https://imgflip.com/i/adcmf1	",""views"":"	0	]},
"{""id"":"""	adclow	""",""page_url"":"""	https://imgflip.com/i/adclow	",""views"":"	0	]},
"{""id"":"""	adclcd	""",""page_url"":"""	https://imgflip.com/i/adclcd	",""views"":"	0	]},
"{""id"":"""	a7rov8	""",""page_url"":"""	https://imgflip.com/i/a7rov8	",""views"":"	0	]},
"{""id"":"""	9ge4vw	""",""page_url"":"""	https://imgflip.com/i/9ge4vw	",""views"":"	0	]},
"{""id"":"""	9ge5fh	""",""page_url"":"""	https://imgflip.com/i/9ge5fh	",""views"":"	0	]},
"{""id"":"""	9jbxqw	""",""page_url"":"""	https://imgflip.com/i/9jbxqw	",""views"":"	0	]},
"{""id"":"""	ac7pth	""",""page_url"":"""	https://imgflip.com/i/ac7pth	",""views"":"	0	]},
"{""id"":"""	a7rq8c	""",""page_url"":"""	https://imgflip.com/i/a7rq8c	",""views"":"	0	]},
"{""id"":"""	ac7pyo	""",""page_url"":"""	https://imgflip.com/i/ac7pyo	",""views"":"	0	]},
"{""id"":"""	ac7pk3	""",""page_url"":"""	https://imgflip.com/i/ac7pk3	",""views"":"	0	]},
"{""id"":"""	ac7os6	""",""page_url"":"""	https://imgflip.com/i/ac7os6	",""views"":"	0	]},
"{""id"":"""	a7rpgb	""",""page_url"":"""	https://imgflip.com/i/a7rpgb	",""views"":"	0	]},
"{""id"":"""	a7rohb	""",""page_url"":"""	https://imgflip.com/i/a7rohb	",""views"":"	0	]},
"{""id"":"""	abytcx	""",""page_url"":"""	https://imgflip.com/i/abytcx	",""views"":"	0	]},
"{""id"":"""	abyswl	""",""page_url"":"""	https://imgflip.com/i/abyswl	",""views"":"	0	]},
"{""id"":"""	aaezfk	""",""page_url"":"""	https://imgflip.com/i/aaezfk	",""views"":"	0	]},
"{""id"":"""	a9plr4	""",""page_url"":"""	https://imgflip.com/i/a9plr4	",""views"":"	0	]},
"{""id"":"""	a8ih0y	""",""page_url"":"""	https://imgflip.com/i/a8ih0y	",""views"":"	0	]},
"{""id"":"""	99dooj	""",""page_url"":"""	https://imgflip.com/i/99dooj	",""views"":"	0	]},
"{""id"":"""	a84ewl	""",""page_url"":"""	https://imgflip.com/i/a84ewl	",""views"":"	0	]},
"{""id"":"""	99dmq7	""",""page_url"":"""	https://imgflip.com/i/99dmq7	",""views"":"	0	]},
"{""id"":"""	a0r7rh	""",""page_url"":"""	https://imgflip.com/i/a0r7rh	",""views"":"	0	]},
"{""id"":"""	a02fh2	""",""page_url"":"""	https://imgflip.com/i/a02fh2	",""views"":"	0	]},
"{""id"":"""	a4nam2	""",""page_url"":"""	https://imgflip.com/i/a4nam2	",""views"":"	0	]},
"{""id"":"""	a02ff7	""",""page_url"":"""	https://imgflip.com/i/a02ff7	",""views"":"	0	]},
"{""id"":"""	a02flm	""",""page_url"":"""	https://imgflip.com/i/a02flm	",""views"":"	0	]},
"{""id"":"""	a02fj5	""",""page_url"":"""	https://imgflip.com/i/a02fj5	",""views"":"	0	]},
"{""id"":"""	9zhhnj	""",""page_url"":"""	https://imgflip.com/i/9zhhnj	",""views"":"	0	]},
"{""id"":"""	9zhhku	""",""page_url"":"""	https://imgflip.com/i/9zhhku	",""views"":"	0	]},
"{""id"":"""	9z1guj	""",""page_url"":"""	https://imgflip.com/i/9z1guj	",""views"":"	0	]},
"{""id"":"""	9yx0kt	""",""page_url"":"""	https://imgflip.com/i/9yx0kt	",""views"":"	0	]},
"{""id"":"""	9ycxc9	""",""page_url"":"""	https://imgflip.com/i/9ycxc9	",""views"":"	0	]},
"{""id"":"""	9ycmsp	""",""page_url"":"""	https://imgflip.com/i/9ycmsp	",""views"":"	0	]},
"{""id"":"""	9y5eso	""",""page_url"":"""	https://imgflip.com/i/9y5eso	",""views"":"	0	]},
"{""id"":"""	9y31hf	""",""page_url"":"""	https://imgflip.com/i/9y31hf	",""views"":"	0	]},
"{""id"":"""	9xck5f	""",""page_url"":"""	https://imgflip.com/i/9xck5f	",""views"":"	0	]},
"{""id"":"""	9waxxf	""",""page_url"":"""	https://imgflip.com/i/9waxxf	",""views"":"	0	]},
"{""id"":"""	9waxhp	""",""page_url"":"""	https://imgflip.com/i/9waxhp	",""views"":"	0	]},
"{""id"":"""	9w5u4z	""",""page_url"":"""	https://imgflip.com/i/9w5u4z	",""views"":"	0	]},
"{""id"":"""	9w5qyz	""",""page_url"":"""	https://imgflip.com/i/9w5qyz	",""views"":"	0	]},
"{""id"":"""	9dxkom	""",""page_url"":"""	https://imgflip.com/i/9dxkom	",""views"":"	0	]},
"{""id"":"""	9v1xj2	""",""page_url"":"""	https://imgflip.com/i/9v1xj2	",""views"":"	0	]},
"{""id"":"""	9o9481	""",""page_url"":"""	https://imgflip.com/i/9o9481	",""views"":"	0	]},
"{""id"":"""	9omxvj	""",""page_url"":"""	https://imgflip.com/i/9omxvj	",""views"":"	0	]},
"{""id"":"""	9o94n7	""",""page_url"":"""	https://imgflip.com/i/9o94n7	",""views"":"	0	]},
"{""id"":"""	9o93fq	""",""page_url"":"""	https://imgflip.com/i/9o93fq	",""views"":"	0	]},
"{""id"":"""	9mfk1c	""",""page_url"":"""	https://imgflip.com/i/9mfk1c	",""views"":"	0	]},
"{""id"":"""	9m1hzv	""",""page_url"":"""	https://imgflip.com/i/9m1hzv	",""views"":"	0	]},
"{""id"":"""	9dzrqn	""",""page_url"":"""	https://imgflip.com/i/9dzrqn	",""views"":"	0	]},
"{""id"":"""	9dzrpl	""",""page_url"":"""	https://imgflip.com/i/9dzrpl	",""views"":"	0	]},
"{""id"":"""	9e4xi2	""",""page_url"":"""	https://imgflip.com/i/9e4xi2	",""views"":"	0	]},
"{""id"":"""	9dzsps	""",""page_url"":"""	https://imgflip.com/i/9dzsps	",""views"":"	0	]},
"{""id"":"""	9kbvld	""",""page_url"":"""	https://imgflip.com/i/9kbvld	",""views"":"	0	]},
"{""id"":"""	9e4x7g	""",""page_url"":"""	https://imgflip.com/i/9e4x7g	",""views"":"	0	]},
"{""id"":"""	9ge3hz	""",""page_url"":"""	https://imgflip.com/i/9ge3hz	",""views"":"	0	]},
"{""id"":"""	9kbm7u	""",""page_url"":"""	https://imgflip.com/i/9kbm7u	",""views"":"	0	]},
"{""id"":"""	9i4xfm	""",""page_url"":"""	https://imgflip.com/i/9i4xfm	",""views"":"	0	]},
"{""id"":"""	9i51ng	""",""page_url"":"""	https://imgflip.com/i/9i51ng	",""views"":"	0	]},
"{""id"":"""	9jbyom	""",""page_url"":"""	https://imgflip.com/i/9jbyom	",""views"":"	0	]},
"{""id"":"""	9ib9ei	""",""page_url"":"""	https://imgflip.com/i/9ib9ei	",""views"":"	0	]},
"{""id"":"""	9i50nj	""",""page_url"":"""	https://imgflip.com/i/9i50nj	",""views"":"	0	]},
"{""id"":"""	9ge4pi	""",""page_url"":"""	https://imgflip.com/i/9ge4pi	",""views"":"	0	]},
"{""id"":"""	9ge41o	""",""page_url"":"""	https://imgflip.com/i/9ge41o	",""views"":"	0	]},
"{""id"":"""	9dzrx6	""",""page_url"":"""	https://imgflip.com/i/9dzrx6	",""views"":"	0	]},
"{""id"":"""	9dzsg7	""",""page_url"":"""	https://imgflip.com/i/9dzsg7	",""views"":"	0	]},
"{""id"":"""	9e4wtg	""",""page_url"":"""	https://imgflip.com/i/9e4wtg	",""views"":"	0	]},
"{""id"":"""	9e4x2u	""",""page_url"":"""	https://imgflip.com/i/9e4x2u	",""views"":"	0	]},
"{""id"":"""	9e4w77	""",""page_url"":"""	https://imgflip.com/i/9e4w77	",""views"":"	0	]},
"{""id"":"""	9e4vh7	""",""page_url"":"""	https://imgflip.com/i/9e4vh7	",""views"":"	0	]},
"{""id"":"""	9ge4i5	""",""page_url"":"""	https://imgflip.com/i/9ge4i5	",""views"":"	0	]},
"{""id"":"""	9h1tt2	""",""page_url"":"""	https://imgflip.com/i/9h1tt2	",""views"":"	0	]},
"{""id"":"""	9815s6	""",""page_url"":"""	https://imgflip.com/i/9815s6	",""views"":"	0	]},
"{""id"":"""	9guog0	""",""page_url"":"""	https://imgflip.com/i/9guog0	",""views"":"	0	]},
"{""id"":"""	9abpvf	""",""page_url"":"""	https://imgflip.com/i/9abpvf	",""views"":"	0	]},
"{""id"":"""	9ge1o0	""",""page_url"":"""	https://imgflip.com/i/9ge1o0	",""views"":"	0	]},
"{""id"":"""	9ge3po	""",""page_url"":"""	https://imgflip.com/i/9ge3po	",""views"":"	0	]},
"{""id"":"""	9ge2d6	""",""page_url"":"""	https://imgflip.com/i/9ge2d6	",""views"":"	0	]},
"{""id"":"""	9ge31l	""",""page_url"":"""	https://imgflip.com/i/9ge31l	",""views"":"	0	]},
"{""id"":"""	9dzstv	""",""page_url"":"""	https://imgflip.com/i/9dzstv	",""views"":"	0	]},
"{""id"":"""	9e03t8	""",""page_url"":"""	https://imgflip.com/i/9e03t8	",""views"":"	0	]},
"{""id"":"""	9dxw4w	""",""page_url"":"""	https://imgflip.com/i/9dxw4w	",""views"":"	0	]},
"{""id"":"""	9dxbp9	""",""page_url"":"""	https://imgflip.com/i/9dxbp9	",""views"":"	0	]},
"{""id"":"""	9e4xpy	""",""page_url"":"""	https://imgflip.com/i/9e4xpy	",""views"":"	0	]},
"{""id"":"""	9dzsbr	""",""page_url"":"""	https://imgflip.com/i/9dzsbr	",""views"":"	0	]},
"{""id"":"""	9dzps3	""",""page_url"":"""	https://imgflip.com/i/9dzps3	",""views"":"	0	]},
"{""id"":"""	9dzpci	""",""page_url"":"""	https://imgflip.com/i/9dzpci	",""views"":"	0	]},
"{""id"":"""	9dzr2i	""",""page_url"":"""	https://imgflip.com/i/9dzr2i	",""views"":"	0	]},
"{""id"":"""	9dwsw6	""",""page_url"":"""	https://imgflip.com/i/9dwsw6	",""views"":"	0	]},
"{""id"":"""	9dzqw0	""",""page_url"":"""	https://imgflip.com/i/9dzqw0	",""views"":"	0	]},
"{""id"":"""	9eehlx	""",""page_url"":"""	https://imgflip.com/i/9eehlx	",""views"":"	0	]},
"{""id"":"""	9dzrah	""",""page_url"":"""	https://imgflip.com/i/9dzrah	",""views"":"	0	]},
"{""id"":"""	9e059d	""",""page_url"":"""	https://imgflip.com/i/9e059d	",""views"":"	0	]},
"{""id"":"""	7s6bh2	""",""page_url"":"""	https://imgflip.com/i/7s6bh2	",""views"":"	0	]},
"{""id"":"""	7smtq0	""",""page_url"":"""	https://imgflip.com/i/7smtq0	",""views"":"	0	]},
"{""id"":"""	9c1hjb	""",""page_url"":"""	https://imgflip.com/i/9c1hjb	",""views"":"	0	]},
"{""id"":"""	99ezrc	""",""page_url"":"""	https://imgflip.com/i/99ezrc	",""views"":"	0	]},
"{""id"":"""	9c1imu	""",""page_url"":"""	https://imgflip.com/i/9c1imu	",""views"":"	0	]},
"{""id"":"""	91mni3	""",""page_url"":"""	https://imgflip.com/i/91mni3	",""views"":"	0	]},
"{""id"":"""	90u744	""",""page_url"":"""	https://imgflip.com/i/90u744	",""views"":"	0	]},
"{""id"":"""	9ablc0	""",""page_url"":"""	https://imgflip.com/i/9ablc0	",""views"":"	0	]},
"{""id"":"""	99hy9o	""",""page_url"":"""	https://imgflip.com/i/99hy9o	",""views"":"	0	]},
"{""id"":"""	9abomd	""",""page_url"":"""	https://imgflip.com/i/9abomd	",""views"":"	0	]},
"{""id"":"""	9abrfi	""",""page_url"":"""	https://imgflip.com/i/9abrfi	",""views"":"	0	]},
"{""id"":"""	9abmf8	""",""page_url"":"""	https://imgflip.com/i/9abmf8	",""views"":"	0	]},
"{""id"":"""	9abl5v	""",""page_url"":"""	https://imgflip.com/i/9abl5v	",""views"":"	0	]},
"{""id"":"""	9abp5c	""",""page_url"":"""	https://imgflip.com/i/9abp5c	",""views"":"	0	]},
"{""id"":"""	9aboeo	""",""page_url"":"""	https://imgflip.com/i/9aboeo	",""views"":"	0	]},
"{""id"":"""	9abqe2	""",""page_url"":"""	https://imgflip.com/i/9abqe2	",""views"":"	0	]},
"{""id"":"""	9abncr	""",""page_url"":"""	https://imgflip.com/i/9abncr	",""views"":"	0	]},
"{""id"":"""	9abo8e	""",""page_url"":"""	https://imgflip.com/i/9abo8e	",""views"":"	0	]},
"{""id"":"""	9abqrv	""",""page_url"":"""	https://imgflip.com/i/9abqrv	",""views"":"	0	]},
"{""id"":"""	9absa4	""",""page_url"":"""	https://imgflip.com/i/9absa4	",""views"":"	0	]},
"{""id"":"""	9abq42	""",""page_url"":"""	https://imgflip.com/i/9abq42	",""views"":"	0	]},
"{""id"":"""	9abloe	""",""page_url"":"""	https://imgflip.com/i/9abloe	",""views"":"	0	]},
"{""id"":"""	9abkvs	""",""page_url"":"""	https://imgflip.com/i/9abkvs	",""views"":"	0	]},
"{""id"":"""	99f0bz	""",""page_url"":"""	https://imgflip.com/i/99f0bz	",""views"":"	0	]},
"{""id"":"""	99dnl8	""",""page_url"":"""	https://imgflip.com/i/99dnl8	",""views"":"	0	]},
"{""id"":"""	9814pz	""",""page_url"":"""	https://imgflip.com/i/9814pz	",""views"":"	0	]},
"{""id"":"""	97rl57	""",""page_url"":"""	https://imgflip.com/i/97rl57	",""views"":"	0	]},
"{""id"":"""	95p49a	""",""page_url"":"""	https://imgflip.com/i/95p49a	",""views"":"	0	]},
"{""id"":"""	95p3y7	""",""page_url"":"""	https://imgflip.com/i/95p3y7	",""views"":"	0	]},
"{""id"":"""	91ny76	""",""page_url"":"""	https://imgflip.com/i/91ny76	",""views"":"	0	]},
"{""id"":"""	91nxqr	""",""page_url"":"""	https://imgflip.com/i/91nxqr	",""views"":"	0	]},
"{""id"":"""	93j8vg	""",""page_url"":"""	https://imgflip.com/i/93j8vg	",""views"":"	0	]},
"{""id"":"""	91m8h5	""",""page_url"":"""	https://imgflip.com/i/91m8h5	",""views"":"	0	]},
"{""id"":"""	91mmgu	""",""page_url"":"""	https://imgflip.com/i/91mmgu	",""views"":"	0	]},
"{""id"":"""	91mmxh	""",""page_url"":"""	https://imgflip.com/i/91mmxh	",""views"":"	0	]},
"{""id"":"""	91ntni	""",""page_url"":"""	https://imgflip.com/i/91ntni	",""views"":"	0	]},
"{""id"":"""	91nxx7	""",""page_url"":"""	https://imgflip.com/i/91nxx7	",""views"":"	0	]},
"{""id"":"""	91nsxc	""",""page_url"":"""	https://imgflip.com/i/91nsxc	",""views"":"	0	]},
"{""id"":"""	91mm47	""",""page_url"":"""	https://imgflip.com/i/91mm47	",""views"":"	0	]},
"{""id"":"""	91nyf6	""",""page_url"":"""	https://imgflip.com/i/91nyf6	",""views"":"	0	]},
"{""id"":"""	91o5f7	""",""page_url"":"""	https://imgflip.com/i/91o5f7	",""views"":"	0	]},
"{""id"":"""	91rz5f	""",""page_url"":"""	https://imgflip.com/i/91rz5f	",""views"":"	0	]},
"{""id"":"""	91s0fq	""",""page_url"":"""	https://imgflip.com/i/91s0fq	",""views"":"	0	]},
"{""id"":"""	91m7yt	""",""page_url"":"""	https://imgflip.com/i/91m7yt	",""views"":"	0	]},
"{""id"":"""	91s2n7	""",""page_url"":"""	https://imgflip.com/i/91s2n7	",""views"":"	0	]},
"{""id"":"""	91nzt3	""",""page_url"":"""	https://imgflip.com/i/91nzt3	",""views"":"	0	]},
"{""id"":"""	91nv1n	""",""page_url"":"""	https://imgflip.com/i/91nv1n	",""views"":"	0	]},
"{""id"":"""	91m54q	""",""page_url"":"""	https://imgflip.com/i/91m54q	",""views"":"	0	]},
"{""id"":"""	91m7ch	""",""page_url"":"""	https://imgflip.com/i/91m7ch	",""views"":"	0	]},
"{""id"":"""	91m5s6	""",""page_url"":"""	https://imgflip.com/i/91m5s6	",""views"":"	0	]},
"{""id"":"""	91elny	""",""page_url"":"""	https://imgflip.com/i/91elny	",""views"":"	0	]},
"{""id"":"""	91abhn	""",""page_url"":"""	https://imgflip.com/i/91abhn	",""views"":"	0	]},
"{""id"":"""	8zxaen	""",""page_url"":"""	https://imgflip.com/i/8zxaen	",""views"":"	0	]},
"{""id"":"""	85y430	""",""page_url"":"""	https://imgflip.com/i/85y430	",""views"":"	0	]},
"{""id"":"""	90u6d8	""",""page_url"":"""	https://imgflip.com/i/90u6d8	",""views"":"	0	]},
"{""id"":"""	90u6la	""",""page_url"":"""	https://imgflip.com/i/90u6la	",""views"":"	0	]},
"{""id"":"""	90u7gl	""",""page_url"":"""	https://imgflip.com/i/90u7gl	",""views"":"	0	]},
"{""id"":"""	90u6q6	""",""page_url"":"""	https://imgflip.com/i/90u6q6	",""views"":"	0	]},
"{""id"":"""	8z4spz	""",""page_url"":"""	https://imgflip.com/i/8z4spz	",""views"":"	0	]},
"{""id"":"""	909h8r	""",""page_url"":"""	https://imgflip.com/i/909h8r	",""views"":"	0	]},
"{""id"":"""	90slwc	""",""page_url"":"""	https://imgflip.com/i/90slwc	",""views"":"	0	]},
"{""id"":"""	908qat	""",""page_url"":"""	https://imgflip.com/i/908qat	",""views"":"	0	]},
"{""id"":"""	8zup61	""",""page_url"":"""	https://imgflip.com/i/8zup61	",""views"":"	0	]},
"{""id"":"""	8z4pjc	""",""page_url"":"""	https://imgflip.com/i/8z4pjc	",""views"":"	0	]},
"{""id"":"""	8zxa8m	""",""page_url"":"""	https://imgflip.com/i/8zxa8m	",""views"":"	0	]},
"{""id"":"""	8zx9nw	""",""page_url"":"""	https://imgflip.com/i/8zx9nw	",""views"":"	0	]},
"{""id"":"""	8zx850	""",""page_url"":"""	https://imgflip.com/i/8zx850	",""views"":"	0	]},
"{""id"":"""	8z4qdc	""",""page_url"":"""	https://imgflip.com/i/8z4qdc	",""views"":"	0	]},
"{""id"":"""	8z4scs	""",""page_url"":"""	https://imgflip.com/i/8z4scs	",""views"":"	0	]},
"{""id"":"""	8z4ptw	""",""page_url"":"""	https://imgflip.com/i/8z4ptw	",""views"":"	0	]},
"{""id"":"""	8z4u4p	""",""page_url"":"""	https://imgflip.com/i/8z4u4p	",""views"":"	0	]},
"{""id"":"""	8z4rqi	""",""page_url"":"""	https://imgflip.com/i/8z4rqi	",""views"":"	0	]},
"{""id"":"""	8z4qlh	""",""page_url"":"""	https://imgflip.com/i/8z4qlh	",""views"":"	0	]},
"{""id"":"""	8z4qvo	""",""page_url"":"""	https://imgflip.com/i/8z4qvo	",""views"":"	0	]},
"{""id"":"""	8z4p8v	""",""page_url"":"""	https://imgflip.com/i/8z4p8v	",""views"":"	0	]},
"{""id"":"""	8z4oxl	""",""page_url"":"""	https://imgflip.com/i/8z4oxl	",""views"":"	0	]},
"{""id"":"""	8z4tdz	""",""page_url"":"""	https://imgflip.com/i/8z4tdz	",""views"":"	0	]},
"{""id"":"""	8z4ocj	""",""page_url"":"""	https://imgflip.com/i/8z4ocj	",""views"":"	0	]},
"{""id"":"""	8y2ncm	""",""page_url"":"""	https://imgflip.com/i/8y2ncm	",""views"":"	0	]},
"{""id"":"""	8we3iw	""",""page_url"":"""	https://imgflip.com/i/8we3iw	",""views"":"	0	]},
"{""id"":"""	8we3s9	""",""page_url"":"""	https://imgflip.com/i/8we3s9	",""views"":"	0	]},
"{""id"":"""	8we5uh	""",""page_url"":"""	https://imgflip.com/i/8we5uh	",""views"":"	0	]},
"{""id"":"""	8we8uk	""",""page_url"":"""	https://imgflip.com/i/8we8uk	",""views"":"	0	]},
"{""id"":"""	8weapo	""",""page_url"":"""	https://imgflip.com/i/8weapo	",""views"":"	0	]},
"{""id"":"""	8we2zd	""",""page_url"":"""	https://imgflip.com/i/8we2zd	",""views"":"	0	]},
"{""id"":"""	8we2pe	""",""page_url"":"""	https://imgflip.com/i/8we2pe	",""views"":"	0	]},
"{""id"":"""	83c5d7	""",""page_url"":"""	https://imgflip.com/i/83c5d7	",""views"":"	0	]},
"{""id"":"""	7rntfc	""",""page_url"":"""	https://imgflip.com/i/7rntfc	",""views"":"	0	]},
"{""id"":"""	7r9z32	""",""page_url"":"""	https://imgflip.com/i/7r9z32	",""views"":"	0	]},
"{""id"":"""	7r9evi	""",""page_url"":"""	https://imgflip.com/i/7r9evi	",""views"":"	0	]},
"{""id"":"""	7qxs3l	""",""page_url"":"""	https://imgflip.com/i/7qxs3l	",""views"":"	0	]},
"{""id"":"""	7p1f28	""",""page_url"":"""	https://imgflip.com/i/7p1f28	",""views"":"	0	]},
"{""id"":"""	7oqxat	""",""page_url"":"""	https://imgflip.com/i/7oqxat	",""views"":"	0	]},
"{""id"":"""	7omi8u	""",""page_url"":"""	https://imgflip.com/i/7omi8u	",""views"":"	0	]},
"{""id"":"""	7omapp	""",""page_url"":"""	https://imgflip.com/i/7omapp	",""views"":"	0	]},
"{""id"":"""	7jepus	""",""page_url"":"""	https://imgflip.com/i/7jepus	",""views"":"	0	]},
"{""id"":"""	7jep56	""",""page_url"":"""	https://imgflip.com/i/7jep56	",""views"":"	0	]},
"{""id"":"""	7jepaj	""",""page_url"":"""	https://imgflip.com/i/7jepaj	",""views"":"	0	]},
"{""id"":"""	7jej6f	""",""page_url"":"""	https://imgflip.com/i/7jej6f	",""views"":"	0	]},
"{""id"":"""	7jeizv	""",""page_url"":"""	https://imgflip.com/i/7jeizv	",""views"":"	0	]},
"{""id"":"""	7cvu88	""",""page_url"":"""	https://imgflip.com/i/7cvu88	",""views"":"	0	]},
"{""id"":"""	70kciy	""",""page_url"":"""	https://imgflip.com/i/70kciy	",""views"":"	0	]},
"{""id"":"""	7af5e7	""",""page_url"":"""	https://imgflip.com/i/7af5e7	",""views"":"	0	]},
"{""id"":"""	7aeze5	""",""page_url"":"""	https://imgflip.com/i/7aeze5	",""views"":"	0	]},
"{""id"":"""	78xu1h	""",""page_url"":"""	https://imgflip.com/i/78xu1h	",""views"":"	0	]},
"{""id"":"""	6w9kte	""",""page_url"":"""	https://imgflip.com/i/6w9kte	",""views"":"	0	]},
"{""id"":"""	6w9kxj	""",""page_url"":"""	https://imgflip.com/i/6w9kxj	",""views"":"	0	]},
"{""id"":"""	76ya4p	""",""page_url"":"""	https://imgflip.com/i/76ya4p	",""views"":"	0	]},
"{""id"":"""	76y30r	""",""page_url"":"""	https://imgflip.com/i/76y30r	",""views"":"	0	]},
"{""id"":"""	6w9mki	""",""page_url"":"""	https://imgflip.com/i/6w9mki	",""views"":"	0	]},
"{""id"":"""	6w9mxt	""",""page_url"":"""	https://imgflip.com/i/6w9mxt	",""views"":"	0	]},
"{""id"":"""	76fftg	""",""page_url"":"""	https://imgflip.com/i/76fftg	",""views"":"	0	]},
"{""id"":"""	76f2yj	""",""page_url"":"""	https://imgflip.com/i/76f2yj	",""views"":"	0	]},
"{""id"":"""	6waz4n	""",""page_url"":"""	https://imgflip.com/i/6waz4n	",""views"":"	0	]},
"{""id"":"""	75oxu3	""",""page_url"":"""	https://imgflip.com/i/75oxu3	",""views"":"	0	]},
"{""id"":"""	6wawqg	""",""page_url"":"""	https://imgflip.com/i/6wawqg	",""views"":"	0	]},
"{""id"":"""	6wau3m	""",""page_url"":"""	https://imgflip.com/i/6wau3m	",""views"":"	0	]},
"{""id"":"""	75ow6b	""",""page_url"":"""	https://imgflip.com/i/75ow6b	",""views"":"	0	]},
"{""id"":"""	6way9v	""",""page_url"":"""	https://imgflip.com/i/6way9v	",""views"":"	0	]},
"{""id"":"""	75owwo	""",""page_url"":"""	https://imgflip.com/i/75owwo	",""views"":"	0	]},
"{""id"":"""	75oyzq	""",""page_url"":"""	https://imgflip.com/i/75oyzq	",""views"":"	0	]},
"{""id"":"""	75oyex	""",""page_url"":"""	https://imgflip.com/i/75oyex	",""views"":"	0	]},
"{""id"":"""	75a3jh	""",""page_url"":"""	https://imgflip.com/i/75a3jh	",""views"":"	0	]},
"{""id"":"""	75p2gv	""",""page_url"":"""	https://imgflip.com/i/75p2gv	",""views"":"	0	]},
"{""id"":"""	75p5ma	""",""page_url"":"""	https://imgflip.com/i/75p5ma	",""views"":"	0	]},
"{""id"":"""	75a02p	""",""page_url"":"""	https://imgflip.com/i/75a02p	",""views"":"	0	]},
"{""id"":"""	75a09i	""",""page_url"":"""	https://imgflip.com/i/75a09i	",""views"":"	0	]},
"{""id"":"""	6waz8y	""",""page_url"":"""	https://imgflip.com/i/6waz8y	",""views"":"	0	]},
"{""id"":"""	6wayf2	""",""page_url"":"""	https://imgflip.com/i/6wayf2	",""views"":"	0	]},
"{""id"":"""	6wazcg	""",""page_url"":"""	https://imgflip.com/i/6wazcg	",""views"":"	0	]},
"{""id"":"""	6waz1b	""",""page_url"":"""	https://imgflip.com/i/6waz1b	",""views"":"	0	]},
"{""id"":"""	6wazhk	""",""page_url"":"""	https://imgflip.com/i/6wazhk	",""views"":"	0	]},
"{""id"":"""	6w9fww	""",""page_url"":"""	https://imgflip.com/i/6w9fww	",""views"":"	0	]},
"{""id"":"""	6wl81x	""",""page_url"":"""	https://imgflip.com/i/6wl81x	",""views"":"	0	]},
"{""id"":"""	6w9g0l	""",""page_url"":"""	https://imgflip.com/i/6w9g0l	",""views"":"	0	]},
"{""id"":"""	6wmujy	""",""page_url"":"""	https://imgflip.com/i/6wmujy	",""views"":"	0	]},
"{""id"":"""	6wmqfe	""",""page_url"":"""	https://imgflip.com/i/6wmqfe	",""views"":"	0	]},
"{""id"":"""	6wquob	""",""page_url"":"""	https://imgflip.com/i/6wquob	",""views"":"	0	]},
"{""id"":"""	6wqub2	""",""page_url"":"""	https://imgflip.com/i/6wqub2	",""views"":"	0	]},
"{""id"":"""	6wrdf2	""",""page_url"":"""	https://imgflip.com/i/6wrdf2	",""views"":"	0	]},
"{""id"":"""	6xhkg9	""",""page_url"":"""	https://imgflip.com/i/6xhkg9	",""views"":"	0	]},
"{""id"":"""	6wukwj	""",""page_url"":"""	https://imgflip.com/i/6wukwj	",""views"":"	0	]},
"{""id"":"""	6z6ndm	""",""page_url"":"""	https://imgflip.com/i/6z6ndm	",""views"":"	0	]},
"{""id"":"""	6yyq88	""",""page_url"":"""	https://imgflip.com/i/6yyq88	",""views"":"	0	]},
"{""id"":"""	6zor0k	""",""page_url"":"""	https://imgflip.com/i/6zor0k	",""views"":"	0	]},
"{""id"":"""	6zoqwp	""",""page_url"":"""	https://imgflip.com/i/6zoqwp	",""views"":"	0	]},
"{""id"":"""	6z832g	""",""page_url"":"""	https://imgflip.com/i/6z832g	",""views"":"	0	]},
"{""id"":"""	6zgkfw	""",""page_url"":"""	https://imgflip.com/i/6zgkfw	",""views"":"	0	]},
"{""id"":"""	6zopm4	""",""page_url"":"""	https://imgflip.com/i/6zopm4	",""views"":"	0	]},
"{""id"":"""	6zpkgj	""",""page_url"":"""	https://imgflip.com/i/6zpkgj	",""views"":"	0	]},
"{""id"":"""	709lsn	""",""page_url"":"""	https://imgflip.com/i/709lsn	",""views"":"	0	]},
"{""id"":"""	6zsk1r	""",""page_url"":"""	https://imgflip.com/i/6zsk1r	",""views"":"	0	]},
"{""id"":"""	70hpw0	""",""page_url"":"""	https://imgflip.com/i/70hpw0	",""views"":"	0	]},
"{""id"":"""	70hvxr	""",""page_url"":"""	https://imgflip.com/i/70hvxr	",""views"":"	0	]},
"{""id"":"""	70hwl4	""",""page_url"":"""	https://imgflip.com/i/70hwl4	",""views"":"	0	]},
"{""id"":"""	70hwch	""",""page_url"":"""	https://imgflip.com/i/70hwch	",""views"":"	0	]},
"{""id"":"""	70hyn6	""",""page_url"":"""	https://imgflip.com/i/70hyn6	",""views"":"	0	]},
"{""id"":"""	70hxly	""",""page_url"":"""	https://imgflip.com/i/70hxly	",""views"":"	0	]},
"{""id"":"""	70kb0f	""",""page_url"":"""	https://imgflip.com/i/70kb0f	",""views"":"	0	]},
"{""id"":"""	70i0fv	""",""page_url"":"""	https://imgflip.com/i/70i0fv	",""views"":"	0	]},
"{""id"":"""	70hyy5	""",""page_url"":"""	https://imgflip.com/i/70hyy5	",""views"":"	0	]},
"{""id"":"""	71l51t	""",""page_url"":"""	https://imgflip.com/i/71l51t	",""views"":"	0	]},
"{""id"":"""	70kb6y	""",""page_url"":"""	https://imgflip.com/i/70kb6y	",""views"":"	0	]},
"{""id"":"""	71dhj8	""",""page_url"":"""	https://imgflip.com/i/71dhj8	",""views"":"	0	]},
"{""id"":"""	70kcc0	""",""page_url"":"""	https://imgflip.com/i/70kcc0	",""views"":"	0	]},
"{""id"":"""	71dsi8	""",""page_url"":"""	https://imgflip.com/i/71dsi8	",""views"":"	0	]},
"{""id"":"""	70hx9b	""",""page_url"":"""	https://imgflip.com/i/70hx9b	",""views"":"	0	]},
"{""id"":"""	71h1cd	""",""page_url"":"""	https://imgflip.com/i/71h1cd	",""views"":"	0	]},
"{""id"":"""	71h0z8	""",""page_url"":"""	https://imgflip.com/i/71h0z8	",""views"":"	0	]},
"{""id"":"""	71dfia	""",""page_url"":"""	https://imgflip.com/i/71dfia	",""views"":"	0	]},
"{""id"":"""	71dhaq	""",""page_url"":"""	https://imgflip.com/i/71dhaq	",""views"":"	0	]},
"{""id"":"""	70kep9	""",""page_url"":"""	https://imgflip.com/i/70kep9	",""views"":"	0	]},
"{""id"":"""	70k7to	""",""page_url"":"""	https://imgflip.com/i/70k7to	",""views"":"	0	]},
"{""id"":"""	70xlfv	""",""page_url"":"""	https://imgflip.com/i/70xlfv	",""views"":"	0	]},
"{""id"":"""	6w9fsn	""",""page_url"":"""	https://imgflip.com/i/6w9fsn	",""views"":"	0	]},
"{""id"":"""	70lm5t	""",""page_url"":"""	https://imgflip.com/i/70lm5t	",""views"":"	0	]},
"{""id"":"""	6wpfod	""",""page_url"":"""	https://imgflip.com/i/6wpfod	",""views"":"	0	]},
"{""id"":"""	70hrnc	""",""page_url"":"""	https://imgflip.com/i/70hrnc	",""views"":"	0	]},
"{""id"":"""	70hr1t	""",""page_url"":"""	https://imgflip.com/i/70hr1t	",""views"":"	0	]},
"{""id"":"""	6yyqe6	""",""page_url"":"""	https://imgflip.com/i/6yyqe6	",""views"":"	0	]},
"{""id"":"""	6yypfq	""",""page_url"":"""	https://imgflip.com/i/6yypfq	",""views"":"	0	]},
"{""id"":"""	6yxosp	""",""page_url"":"""	https://imgflip.com/i/6yxosp	",""views"":"	0	]},
"{""id"":"""	6zx991	""",""page_url"":"""	https://imgflip.com/i/6zx991	",""views"":"	0	]},
"{""id"":"""	6wra6w	""",""page_url"":"""	https://imgflip.com/i/6wra6w	",""views"":"	0	]},
"{""id"":"""	6zosmv	""",""page_url"":"""	https://imgflip.com/i/6zosmv	",""views"":"	0	]},
"{""id"":"""	6wl8bf	""",""page_url"":"""	https://imgflip.com/i/6wl8bf	",""views"":"	0	]},
"{""id"":"""	6xksti	""",""page_url"":"""	https://imgflip.com/i/6xksti	",""views"":"	0	]},
"{""id"":"""	6w9kol	""",""page_url"":"""	https://imgflip.com/i/6w9kol	",""views"":"	0	]},
"{""id"":"""	6w9gb3	""",""page_url"":"""	https://imgflip.com/i/6w9gb3	",""views"":"	0	]},
"{""id"":"""	6z7tjt	""",""page_url"":"""	https://imgflip.com/i/6z7tjt	",""views"":"	0	]},
"{""id"":"""	6z7rfz	""",""page_url"":"""	https://imgflip.com/i/6z7rfz	",""views"":"	0	]},
"{""id"":"""	6z6u54	""",""page_url"":"""	https://imgflip.com/i/6z6u54	",""views"":"	0	]},
"{""id"":"""	6z24pr	""",""page_url"":"""	https://imgflip.com/i/6z24pr	",""views"":"	0	]},
"{""id"":"""	6ybn9h	""",""page_url"":"""	https://imgflip.com/i/6ybn9h	",""views"":"	0	]},
"{""id"":"""	6x44oa	""",""page_url"":"""	https://imgflip.com/i/6x44oa	",""views"":"	0	]},
"{""id"":"""	6y72ga	""",""page_url"":"""	https://imgflip.com/i/6y72ga	",""views"":"	0	]},
"{""id"":"""	6wute8	""",""page_url"":"""	https://imgflip.com/i/6wute8	",""views"":"	0	]},
"{""id"":"""	6yxez6	""",""page_url"":"""	https://imgflip.com/i/6yxez6	",""views"":"	0	]},
"{""id"":"""	6writq	""",""page_url"":"""	https://imgflip.com/i/6writq	",""views"":"	0	]},
"{""id"":"""	6waw8p	""",""page_url"":"""	https://imgflip.com/i/6waw8p	",""views"":"	0	]},
"{""id"":"""	6ymk1q	""",""page_url"":"""	https://imgflip.com/i/6ymk1q	",""views"":"	0	]},
"{""id"":"""	6yhmhn	""",""page_url"":"""	https://imgflip.com/i/6yhmhn	",""views"":"	0	]},
"{""id"":"""	6waxs7	""",""page_url"":"""	https://imgflip.com/i/6waxs7	",""views"":"	0	]},
"{""id"":"""	6xupnx	""",""page_url"":"""	https://imgflip.com/i/6xupnx	",""views"":"	0	]},
"{""id"":"""	6wawea	""",""page_url"":"""	https://imgflip.com/i/6wawea	",""views"":"	0	]},
"{""id"":"""	6wri77	""",""page_url"":"""	https://imgflip.com/i/6wri77	",""views"":"	0	]},
"{""id"":"""	6x7m7n	""",""page_url"":"""	https://imgflip.com/i/6x7m7n	",""views"":"	0	]},
"{""id"":"""	6wvzhh	""",""page_url"":"""	https://imgflip.com/i/6wvzhh	",""views"":"	0	]},
"{""id"":"""	6w9mh8	""",""page_url"":"""	https://imgflip.com/i/6w9mh8	",""views"":"	0	]},
"{""id"":"""	6wl7ti	""",""page_url"":"""	https://imgflip.com/i/6wl7ti	",""views"":"	0	]},
"{""id"":"""	6wayw6	""",""page_url"":"""	https://imgflip.com/i/6wayw6	",""views"":"	0	]},
"{""id"":"""	6wpwdn	""",""page_url"":"""	https://imgflip.com/i/6wpwdn	",""views"":"	0	]},
"{""id"":"""	6wl73c	""",""page_url"":"""	https://imgflip.com/i/6wl73c	",""views"":"	0	]},
"{""id"":"""	6wax1c	""",""page_url"":"""	https://imgflip.com/i/6wax1c	",""views"":"	0	]},
"{""id"":"""	6wpk5x	""",""page_url"":"""	https://imgflip.com/i/6wpk5x	",""views"":"	0	]},
